,Date,truckid,nbags,net_weight,origin,supplier,moisture,nut_count,outturn,defective,price,year,month,day,avg_wpb
0,2015-03-05,8553FA02,567,40597,66,119,11.3,191.0,48.4,10.25,,2015,3,5,71.59964726631394
1,2015-03-09,7162EG01,226,20253,82,123,12.6,184.0,48.22,8.9,,2015,3,9,89.61504424778761
2,2015-03-10,4819CJ01,506,38878,51,15,10.1,194.0,45.76,10.9,,2015,3,10,76.83399209486166
3,2015-03-11,8581FK05,422,39354,47,66,10.0,183.0,48.93,9.1,,2015,3,11,93.25592417061611
4,2015-03-11,5066FL01,555,40009,66,119,11.3,193.0,46.29,12.65,,2015,3,11,72.08828828828828
5,2015-03-12,7858GP03,485,40819,31,15,9.3,183.0,45.58,11.7,,2015,3,12,84.16288659793814
6,2015-03-12,1609GN01,453,40751,52,53,12.3,191.0,47.78,10.6,,2015,3,12,89.95805739514348
7,2015-03-12,9566GC01,430,40218,6,19,10.7,188.0,48.75,7.85,,2015,3,12,93.53023255813953
8,2015-03-13,7922GR01,385,35383,9,84,9.9,179.0,48.31,8.25,,2015,3,13,91.9038961038961
9,2015-03-13,9534EO01,389,34511,66,122,13.3,195.0,47.43,12.35,,2015,3,13,88.7172236503856
10,2015-03-14,3625CF01,441,39947,76,66,9.76,200.0,47.34,10.75,,2015,3,14,90.58276643990929
11,2015-03-16,7922GR01,390,35866,9,84,11.8,177.0,46.64,10.4,,2015,3,16,91.96410256410256
12,2015-03-16,1424FK01,378,34950,9,75,9.88,189.0,48.58,9.2,,2015,3,16,92.46031746031746
13,2015-03-16,378FK01,489,37155,66,119,8.36,198.0,48.66,8.0,,2015,3,16,75.98159509202453
14,2015-03-16,7375CB01,423,39093,78,15,11.47,175.0,46.73,11.0,,2015,3,16,92.41843971631205
15,2015-03-18,7796EK03,397,38039,52,53,11.4,176.0,48.22,9.0,,2015,3,18,95.816120906801
16,2015-03-19,8361EH01,206,18878,76,83,15.0,185.0,48.75,9.65,,2015,3,19,91.64077669902913
17,2015-03-19,7922GR01,436,35116,9,84,11.6,188.0,48.22,7.4,,2015,3,19,80.54128440366972
18,2015-03-19,8010EJ03,454,40362,53,123,11.8,175.0,47.08,9.1,,2015,3,19,88.90308370044053
19,2015-03-19,2081GA03,466,40654,19,123,13.6,172.0,46.72,10.8,,2015,3,19,87.24034334763948
20,2015-03-19,3876EX01,387,34769,9,75,9.13,177.0,48.49,7.5,,2015,3,19,89.8423772609819
21,2015-03-23,3876EX01,380,34380,9,75,12.86,176.0,47.43,9.45,,2015,3,23,90.47368421052632
22,2015-03-23,8728EL02,516,41300,11,14,7.3,178.0,49.01,8.1,,2015,3,23,80.03875968992249
23,2015-03-23,1074FL01,412,34936,60,118,15.0,166.0,45.94,10.45,,2015,3,23,84.79611650485437
24,2015-03-23,2344FP01,468,35940,66,119,9.8,193.0,48.31,9.5,,2015,3,23,76.7948717948718
25,2015-03-23,7922GR01,434,34950,9,84,11.3,174.0,47.87,8.7,,2015,3,23,80.52995391705069
26,2015-03-23,2480FH01,397,35111,9,84,11.8,165.0,47.78,7.8,,2015,3,23,88.44080604534005
27,2015-03-23,4840FR01,367,36093,3,19,8.73,180.0,44.61,13.4,,2015,3,23,98.34604904632153
28,2015-03-23,6330FT02,306,26238,41,21,13.8,182.0,43.29,15.8,,2015,3,23,85.74509803921569
29,2015-03-23,487GH01,403,36869,55,117,7.1,204.0,47.25,7.6,,2015,3,23,91.4863523573201
30,2015-03-24,8438CG03,447,39981,19,54,13.33,175.5,44.97,14.8,,2015,3,24,89.44295302013423
31,2015-03-24,804FK01,445,39571,9,75,11.4,177.0,48.14,7.9,,2015,3,24,88.92359550561798
32,2015-03-25,7375CB01,448,39500,78,111,19.0,168.0,46.46,9.95,,2015,3,25,88.16964285714286
33,2015-03-25,9592EG01,457,40571,20,17,16.0,170.0,46.81,13.0,,2015,3,25,88.77680525164114
34,2015-03-25,6960CT03,504,45140,75,14,9.6,192.0,45.23,9.4,,2015,3,25,89.56349206349206
35,2015-03-25,2480FH01,411,35261,9,84,16.73,177.0,47.34,9.15,,2015,3,25,85.79318734793188
36,2015-03-26,3063EV01,405,35379,9,84,16.76,178.0,47.78,8.6,,2015,3,26,87.35555555555555
37,2015-03-27,1424FK01,356,34888,9,75,9.0,205.0,47.61,9.45,,2015,3,27,98.0
38,2015-03-27,4643FK02,428,37816,17,110,11.1,187.0,48.75,7.7,,2015,3,27,88.35514018691589
39,2015-03-27,5238FK01,399,34513,45,16,14.0,182.0,48.22,10.75,,2015,3,27,86.49874686716792
40,2015-03-27,6866GL01,453,38619,43,56,13.2,178.0,47.87,10.1,,2015,3,27,85.25165562913908
41,2015-03-27,1929FR03,444,40968,52,66,12.2,172.0,46.2,11.7,,2015,3,27,92.27027027027027
42,2015-03-27,5920FF01,272,25512,63,66,12.16,197.0,48.57,8.1,,2015,3,27,93.79411764705883
43,2015-03-27,2480FH01,360,35392,9,84,16.63,175.0,47.25,8.3,,2015,3,27,98.31111111111112
44,2015-03-27,2328FG03,441,37299,60,55,14.16,177.0,45.23,12.3,,2015,3,27,84.578231292517
45,2015-03-28,7922GR01,389,35403,9,84,13.3,176.0,48.13,7.7,,2015,3,28,91.01028277634961
46,2015-03-28,2203FS01,473,40331,60,128,7.76,186.0,45.76,11.8,,2015,3,28,85.26638477801268
47,2015-03-28,1623FS01,439,37213,60,128,7.3,182.0,45.94,12.1,,2015,3,28,84.76765375854214
48,2015-03-28,2441FP01,433,34259,66,119,13.16,186.0,45.14,9.5,,2015,3,28,79.12009237875289
49,2015-03-30,2480FH01,399,35213,9,84,15.14,175.0,48.22,8.8,,2015,3,30,88.2531328320802
50,2015-03-30,3063EU01,398,34110,9,84,13.56,179.0,47.17,9.3,,2015,3,30,85.7035175879397
51,2015-03-30,4623EZ01,399,34625,9,75,16.56,193.0,46.99,12.3,,2015,3,30,86.77944862155388
52,2015-03-30,6612FJ03,408,39256,28,112,14.93,186.0,47.43,11.5,,2015,3,30,96.2156862745098
53,2015-03-30,1557GC01,434,39154,79,116,11.1,192.0,45.14,14.45,,2015,3,30,90.21658986175115
54,2015-03-30,2256EN01,357,31587,66,119,13.76,174.0,46.46,10.4,,2015,3,30,88.47899159663865
55,2015-03-30,2371CE04,223,20277,30,18,9.36,186.0,48.05,8.1,,2015,3,30,90.92825112107623
56,2015-03-30,2081GA03,446,39882,20,114,15.33,170.0,46.37,9.15,,2015,3,30,89.42152466367713
57,2015-03-30,8020EJ03,436,39024,20,114,11.26,186.0,47.08,8.95,,2015,3,30,89.5045871559633
58,2015-03-31,3756EY01,155,14609,32,36,11.1,185.0,47.96,8.7,,2015,3,31,94.2516129032258
59,2015-03-31,3876EX01,375,34477,9,75,11.1,185.0,47.87,8.9,,2015,3,31,91.93866666666666
60,2015-03-31,972FP02,339,30425,14,93,14.76,175.0,45.58,9.6,,2015,3,31,89.74926253687316
61,2015-03-31,8438CG03,444,39540,20,54,13.56,175.0,47.08,10.8,,2015,3,31,89.05405405405405
62,2015-03-31,9621FL02,447,36709,11,14,14.43,184.0,46.11,10.4,,2015,3,31,82.12304250559284
63,2015-03-31,9750FN01,448,39652,60,118,10.63,178.0,46.72,10.35,,2015,3,31,88.50892857142857
64,2015-03-31,6091EH01,443,39753,72,15,11.96,149.0,45.06,12.5,,2015,3,31,89.73589164785552
65,2015-03-31,5869FB01,442,37710,66,119,13.36,186.0,47.1,8.7,,2015,3,31,85.31674208144797
66,2015-03-31,5691FN01,401,36579,73,62,12.2,193.0,49.81,8.4,,2015,3,31,91.21945137157107
67,2015-04-01,7323FA01,420,36632,63,62,19.2,204.0,49.02,11.6,,2015,4,1,87.21904761904761
68,2015-04-01,1423FK01,430,39282,9,75,13.0,189.0,47.08,10.4,,2015,4,1,91.35348837209303
69,2015-04-02,9FE01,430,39286,60,86,16.2,167.0,46.11,9.85,,2015,4,2,91.36279069767441
70,2015-04-02,2480FH01,396,34720,9,84,14.0,173.0,49.02,7.3,,2015,4,2,87.67676767676768
71,2015-04-02,2182CU03,549,44071,75,14,6.33,193.0,46.52,13.55,,2015,4,2,80.27504553734062
72,2015-04-02,6312GC01,449,34963,73,62,14.56,190.0,47.08,13.55,,2015,4,2,77.86859688195992
73,2015-04-02,3063GC01,370,32770,9,84,13.26,162.0,48.84,6.0,,2015,4,2,88.56756756756756
74,2015-04-02,9275GC01,436,39360,17,86,11.13,171.0,46.9,8.05,,2015,4,2,90.27522935779817
75,2015-04-03,6573GL01,484,40264,60,86,11.3,175.0,46.02,11.3,,2015,4,3,83.1900826446281
76,2015-04-03,2739FL01,453,39827,5,9,17.0,190.0,44.08,19.1,,2015,4,3,87.91832229580574
77,2015-04-03,7922GR01,376,35104,9,84,16.86,179.0,49.02,6.9,,2015,4,3,93.36170212765957
78,2015-04-04,2773BH01,440,39716,34,86,12.8,182.0,45.76,12.7,,2015,4,4,90.26363636363637
79,2015-04-04,1437FK01,443,39817,9,75,14.7,189.0,47.08,9.35,,2015,4,4,89.8803611738149
80,2015-04-04,1256FL01,447,39773,24,127,7.73,185.0,46.64,7.8,,2015,4,4,88.97762863534676
81,2015-04-04,6392EJ01,424,37876,19,114,12.6,161.0,47.52,8.4,,2015,4,4,89.33018867924528
82,2015-04-04,7066EU02,493,41275,11,14,10.73,185.0,47.26,10.7,,2015,4,4,83.72210953346855
83,2015-04-05,2480FH01,379,33929,9,84,17.4,179.0,48.57,9.05,,2015,4,5,89.52242744063325
84,2015-04-05,1424FK01,395,35489,9,75,14.8,178.0,47.08,8.05,,2015,4,5,89.84556962025316
85,2015-04-05,6692CB01,374,34170,41,52,15.23,176.0,47.17,10.8,,2015,4,5,91.36363636363636
86,2015-04-06,5366EQ01,431,38553,49,66,15.7,187.0,48.05,9.75,,2015,4,6,89.45011600928075
87,2015-04-06,8581FK03,428,38564,52,66,13.0,161.0,48.14,9.85,,2015,4,6,90.10280373831776
88,2015-04-07,2666FG03,461,40487,75,14,10.16,181.0,46.9,9.4,,2015,4,7,87.82429501084599
89,2015-04-07,8010EJ01,451,39301,4,115,14.26,191.0,48.4,7.95,,2015,4,7,87.14190687361419
90,2015-04-07,6116FP01,449,39983,9,75,14.53,185.0,46.99,10.5,,2015,4,7,89.04899777282851
91,2015-04-07,7922GR01,385,34375,9,84,14.6,186.0,47.08,9.0,,2015,4,7,89.28571428571429
92,2015-04-07,7356CL07,460,39432,50,109,6.83,178.0,47.52,9.9,,2015,4,7,85.72173913043478
93,2015-04-07,2256EN01,378,34690,66,119,17.36,177.0,46.99,8.85,,2015,4,7,91.77248677248677
94,2015-04-07,5066FL01,528,39076,66,119,13.53,201.0,45.05,15.58,,2015,4,7,74.00757575757575
95,2015-04-08,7375CB01,452,39648,12,113,9.56,191.0,49.01,7.0,,2015,4,8,87.71681415929204
96,2015-04-08,2455EJ01,437,38643,64,114,14.53,191.0,43.82,16.9,,2015,4,8,88.4279176201373
97,2015-04-08,8553FA02,431,38905,66,119,13.93,187.0,43.12,18.0,,2015,4,8,90.26682134570765
98,2015-04-08,7772EZ01,459,40769,9,75,12.9,185.0,46.55,10.0,,2015,4,8,88.82135076252723
99,2015-04-09,9275GC01,462,39878,17,51,9.7,175.0,47.6,9.8,,2015,4,9,86.31601731601732
100,2015-04-09,2480FH01,389,33563,9,84,13.5,183.0,47.52,10.3,,2015,4,9,86.280205655527
101,2015-04-09,1623FS01,389,34711,3,7,10.33,180.0,46.02,11.05,,2015,4,9,89.23136246786632
102,2015-04-09,8438CG03,430,40086,19,54,9.93,185.0,47.08,9.1,,2015,4,9,93.22325581395349
103,2015-04-09,7796EK03,403,38305,29,53,10.2,171.0,45.05,10.1,,2015,4,9,95.04962779156328
104,2015-04-09,2081GA03,445,40671,19,114,14.9,171.0,46.9,9.4,,2015,4,9,91.39550561797753
105,2015-04-09,1987GF01,455,41145,60,8,8.3,178.0,46.9,9.6,,2015,4,9,90.42857142857143
106,2015-04-10,3390FL01,424,39804,72,18,10.93,143.0,47.08,9.35,,2015,4,10,93.87735849056604
107,2015-04-10,7922GR03,395,37025,9,84,20.56,184.0,46.99,12.4,,2015,4,10,93.73417721518987
108,2015-04-10,3899FR01,360,31924,24,127,7.96,190.0,48.13,7.35,,2015,4,10,88.67777777777778
109,2015-04-10,4338FN03,439,39805,27,54,14.73,175.0,48.49,7.45,,2015,4,10,90.67198177676538
110,2015-04-10,5011FE06,502,39318,60,118,10.75,175.0,44.97,13.5,,2015,4,10,78.32270916334662
111,2015-04-10,15FC06,455,39777,60,118,10.23,175.0,48.05,9.2,,2015,4,10,87.42197802197802
112,2015-04-10,1424FK01,404,35280,9,75,16.8,179.0,48.05,9.7,,2015,4,10,87.32673267326733
113,2015-04-11,6239FJ01,417,35827,9,84,12.96,201.0,47.52,12.9,,2015,4,11,85.91606714628297
114,2015-04-11,6612FJ03,441,39351,82,114,13.2,163.0,47.08,8.95,,2015,4,11,89.2312925170068
115,2015-04-11,804FK01,463,40429,9,75,17.0,196.0,49.1,7.3,,2015,4,11,87.31965442764579
116,2015-04-13,5065FK01,533,41519,66,119,15.36,189.0,43.21,16.85,,2015,4,13,77.89681050656661
117,2015-04-13,220FT01,456,40420,20,54,12.9,164.0,46.02,10.45,,2015,4,13,88.64035087719299
118,2015-04-13,2480FH01,397,35283,9,84,14.73,180.0,48.93,7.8,,2015,4,13,88.87405541561712
119,2015-04-13,7922GR01,408,35552,9,84,16.8,183.0,46.11,12.8,,2015,4,13,87.13725490196079
120,2015-04-14,8728EL02,505,42123,11,14,13.26,185.0,45.06,15.1,,2015,4,14,83.41188118811881
121,2015-04-14,8700FZ01,441,39759,60,118,11.23,172.0,48.66,7.0,,2015,4,14,90.15646258503402
122,2015-04-15,4865FH01,444,36740,1,62,13.26,201.0,45.14,18.5,,2015,4,15,82.74774774774775
123,2015-04-15,1437FK01,452,40144,9,75,14.26,194.0,47.43,8.35,,2015,4,15,88.8141592920354
124,2015-04-15,7375CB01,436,39140,82,18,14.2,174.0,48.84,7.4,,2015,4,15,89.77064220183486
125,2015-04-15,1424FK01,391,34625,9,75,11.73,190.0,48.84,7.7,,2015,4,15,88.55498721227622
126,2015-04-16,804FK01,450,40138,9,75,16.1,187.0,48.4,9.3,,2015,4,16,89.19555555555556
127,2015-04-16,2342FP01,356,31652,60,118,11.5,175.0,48.22,7.35,,2015,4,16,88.91011235955057
128,2015-04-16,3511FG04,455,40685,42,18,13.83,179.0,46.02,9.0,,2015,4,16,89.41758241758242
129,2015-04-17,6612FJ03,432,38684,20,114,9.46,161.0,47.17,8.4,,2015,4,17,89.54629629629629
130,2015-04-17,7922GR01,412,35716,9,84,16.9,183.0,48.14,8.25,,2015,4,17,86.68932038834951
131,2015-04-17,7285FG01,464,39984,43,9,14.16,171.0,47.08,10.2,,2015,4,17,86.17241379310344
132,2015-04-17,2480FH01,415,34897,9,84,18.36,200.0,47.6,11.7,,2015,4,17,84.08915662650602
133,2015-04-17,734GH01,450,38874,9,84,9.93,184.0,46.55,13.2,,2015,4,17,86.38666666666667
134,2015-04-17,4647EE02,250,17950,66,119,16.26,192.0,47.69,9.5,,2015,4,17,71.8
135,2015-04-18,7655GH05,465,41231,2,127,19.1,201.0,45.94,16.0,,2015,4,18,88.66881720430108
136,2015-04-18,3323FN01,454,39458,66,119,8.3,197.0,46.64,13.0,,2015,4,18,86.91189427312776
137,2015-04-18,2256EN01,364,31668,23,121,12.0,180.0,48.84,7.1,,2015,4,18,87.0
138,2015-04-18,2666FG03,436,40764,75,14,8.46,204.0,46.82,9.5,,2015,4,18,93.4954128440367
139,2015-04-18,8853FG02,451,40789,75,14,8.33,202.0,48.05,9.05,,2015,4,18,90.44124168514412
140,2015-04-18,3876EX01,392,34740,9,75,13.33,187.0,48.05,7.45,,2015,4,18,88.62244897959184
141,2015-04-18,1802FY01,455,41577,60,66,9.03,180.0,48.22,8.85,,2015,4,18,91.37802197802198
142,2015-04-20,6091EH01,434,38854,70,18,7.7,166.0,47.17,8.5,,2015,4,20,89.52534562211981
143,2015-04-20,8456GS01,369,33159,60,118,12.0,174.0,47.52,8.3,,2015,4,20,89.86178861788618
144,2015-04-20,2739FL01,486,41002,46,115,13.46,186.0,47.08,7.4,,2015,4,20,84.36625514403292
145,2015-04-20,8111GB01,107,9829,32,35,9.83,180.0,46.11,10.2,,2015,4,20,91.85981308411215
146,2015-04-20,1074FL01,394,37502,29,53,11.7,184.0,47.08,6.9,,2015,4,20,95.18274111675127
147,2015-04-20,4865FH01,380,35308,22,53,12.2,179.0,46.99,8.6,,2015,4,20,92.91578947368421
148,2015-04-20,2766FL07,434,37766,80,62,14.76,200.0,48.75,9.85,,2015,4,20,87.0184331797235
149,2015-04-21,972FP02,419,36221,31,14,10.26,188.0,48.05,7.5,,2015,4,21,86.44630071599045
150,2015-04-21,1424FK01,398,35270,9,75,12.03,189.0,47.87,6.8,,2015,4,21,88.61809045226131
151,2015-04-21,7796EK03,437,39643,69,53,8.33,175.0,46.82,9.33,,2015,4,21,90.7162471395881
152,2015-04-22,8582GC01,412,41048,60,8,8.0,175.0,47.7,8.05,,2015,4,22,99.63106796116504
153,2015-04-22,4094GH01,475,40925,82,115,15.13,170.0,46.64,9.95,,2015,4,22,86.15789473684211
154,2015-04-22,7922GR01,407,36261,9,84,12.56,201.0,45.49,13.1,,2015,4,22,89.0933660933661
155,2015-04-22,2342FP01,420,33712,1,62,15.63,201.0,47.26,17.0,,2015,4,22,80.26666666666667
156,2015-04-22,2182CU03,429,39491,75,14,7.96,192.0,47.08,9.5,,2015,4,22,92.05361305361305
157,2015-04-22,1086FK02,465,39375,66,119,8.53,178.0,44.44,14.69,,2015,4,22,84.6774193548387
158,2015-04-22,6612FJ03,432,38968,40,115,16.23,167.0,47.96,6.85,,2015,4,22,90.20370370370371
159,2015-04-22,2283EY01,430,35902,66,120,11.7,183.0,46.2,13.25,,2015,4,22,83.49302325581395
160,2015-04-22,2480FH01,412,35668,9,84,13.5,191.0,46.2,11.9,,2015,4,22,86.57281553398059
161,2015-04-22,9300ET02,439,40421,66,119,14.3,183.0,47.08,11.5,,2015,4,22,92.0751708428246
162,2015-04-23,8069EZ01,467,41453,60,118,9.73,180.0,46.81,8.15,,2015,4,23,88.7644539614561
163,2015-04-23,7819EL02,465,38835,14,14,9.03,175.0,46.11,10.5,,2015,4,23,83.51612903225806
164,2015-04-23,4497FK02,473,39619,43,114,13.1,194.0,46.2,12.7,,2015,4,23,83.76109936575052
165,2015-04-23,7095BE01,516,39508,66,119,12.7,184.0,44.0,17.7,,2015,4,23,76.56589147286822
166,2015-04-23,734GH01,410,35614,9,84,16.36,196.0,48.31,9.55,,2015,4,23,86.86341463414634
167,2015-04-24,8553FA02,414,39366,66,119,11.4,175.0,45.4,13.05,,2015,4,24,95.08695652173913
168,2015-04-24,2344FP01,380,33256,60,118,8.53,171.0,46.46,7.9,,2015,4,24,87.51578947368421
169,2015-04-24,8622FK01,496,39624,66,119,12.06,188.0,46.9,13.25,,2015,4,24,79.88709677419355
170,2015-04-25,2256EN01,372,33184,41,120,9.96,183.0,47.25,9.95,,2015,4,25,89.20430107526882
171,2015-04-25,2473FE01,455,40813,60,118,9.5,182.0,48.22,7.6,,2015,4,25,89.6989010989011
172,2015-04-25,6091EH01,450,39574,19,18,9.96,177.0,47.08,8.9,,2015,4,25,87.94222222222223
173,2015-04-25,8082GT02,392,34168,9,75,11.16,201.0,49.36,8.8,,2015,4,25,87.16326530612245
174,2015-04-27,2480FH01,361,33347,9,84,12.4,188.0,45.58,13.8,,2015,4,27,92.37396121883657
175,2015-04-27,3460FH01,423,39521,60,118,9.43,175.0,45.67,14.6,,2015,4,27,93.43026004728132
176,2015-04-27,7922GR01,387,34481,9,84,14.26,210.0,45.76,12.9,,2015,4,27,89.09819121447029
177,2015-04-28,5416GC02,429,39735,60,118,8.53,174.0,48.05,6.8,,2015,4,28,92.62237762237763
178,2015-04-28,8554FA02,452,39020,66,119,11.8,194.0,44.17,14.9,,2015,4,28,86.32743362831859
179,2015-04-28,1986FK01,305,29239,1,66,11.23,209.0,43.74,17.3,,2015,4,28,95.8655737704918
180,2015-04-29,7922GR01,419,36721,9,84,14.3,191.0,46.64,13.0,,2015,4,29,87.63961813842482
181,2015-04-29,4755CP01,451,39769,37,53,6.63,191.0,47.78,7.05,,2015,4,29,88.17960088691795
182,2015-04-30,2480FH01,425,36343,9,84,11.53,194.0,47.17,11.5,,2015,4,30,85.51294117647059
183,2015-04-30,6612FJ03,468,40460,35,114,14.43,187.0,43.03,20.9,,2015,4,30,86.45299145299145
184,2015-04-30,3876EX01,407,35417,9,75,13.0,199.0,47.7,7.75,,2015,4,30,87.01965601965603
185,2015-05-02,7922GR01,440,39480,9,84,11.54,196.0,48.04,10.0,,2015,5,2,89.72727272727273
186,2015-05-04,6612FJ03,474,40866,56,114,10.5,170.0,46.99,8.1,,2015,5,4,86.21518987341773
187,2015-05-04,2480FH01,404,35552,9,84,11.5,192.0,45.58,15.7,,2015,5,4,88.0
188,2015-05-05,1424FK01,390,34846,9,75,10.56,193.0,47.52,9.3,,2015,5,5,89.34871794871795
189,2015-05-05,6475FZ04,434,39786,60,118,7.86,170.0,46.99,6.9,,2015,5,5,91.67281105990783
190,2015-05-06,9305ET02,455,38577,66,119,12.4,182.0,44.08,17.35,,2015,5,6,84.78461538461538
191,2015-05-07,7375CB01,425,39227,58,18,12.16,154.0,45.67,9.3,,2015,5,7,92.29882352941176
192,2015-05-08,2480FH01,400,36056,9,84,11.1,191.0,46.2,11.2,,2015,5,8,90.14
193,2015-05-09,1424FK01,403,35237,9,75,11.76,181.0,47.08,7.8,,2015,5,9,87.43672456575682
194,2015-05-09,6864CG02,523,39801,66,119,12.7,190.0,43.2,18.3,,2015,5,9,76.10133843212238
195,2015-05-11,1934CK09,422,37982,60,118,10.56,167.0,43.91,11.25,,2015,5,11,90.00473933649289
196,2015-05-11,2480FH01,402,35738,9,84,11.4,199.0,45.06,15.5,,2015,5,11,88.90049751243781
197,2015-05-11,11JG8350,469,40751,75,14,6.61,196.0,46.29,9.4,,2015,5,11,86.88912579957356
198,2015-05-12,7100GE01,460,39252,66,119,13.0,191.0,42.15,22.5,,2015,5,12,85.33043478260869
199,2015-05-11,3876EX01,400,35376,9,75,10.8,180.0,48.31,7.7,,2015,5,11,88.44
200,2015-05-12,4061FB01,412,38992,60,118,14.3,171.0,44.61,11.55,,2015,5,12,94.64077669902913
201,2015-05-12,8853FL02,523,40485,11,14,9.26,174.0,41.0,19.2,,2015,5,12,77.40917782026769
202,2015-05-13,3986CK02,457,34303,66,119,15.46,170.0,44.08,14.7,,2015,5,13,75.06126914660831
203,2015-05-13,6612FJ03,420,37040,7,114,11.5,175.0,46.11,11.85,,2015,5,13,88.19047619047619
204,2015-05-15,2480FH01,295,25145,9,84,11.33,197.0,47.17,11.0,,2015,5,15,85.23728813559322
205,2015-05-15,1424FK01,390,35326,9,75,12.06,172.0,49.36,6.7,,2015,5,15,90.57948717948717
206,2015-05-15,7772EZ01,447,40665,9,75,14.36,180.0,48.22,8.2,,2015,5,15,90.97315436241611
207,2015-05-16,1424FK01,397,34615,9,75,15.1,175.0,46.99,10.7,,2015,5,16,87.19143576826197
208,2015-05-16,3876EX01,380,34560,9,75,16.6,169.0,48.05,6.9,,2015,5,16,90.94736842105263
209,2015-05-16,1074FL01,459,37843,66,119,15.36,174.0,43.56,19.4,,2015,5,16,82.44662309368192
210,2015-05-18,8111GB01,147,13037,32,70,12.86,172.0,46.64,13.0,,2015,5,18,88.68707482993197
211,2015-05-18,4061FB01,433,38451,60,118,10.5,171.0,45.06,10.2,,2015,5,18,88.8013856812933
212,2015-05-18,5068FL01,495,39941,66,119,15.23,181.0,45.05,17.3,,2015,5,18,80.68888888888888
213,2015-05-19,8082GTH04,399,34917,9,75,13.3,180.0,46.2,11.25,,2015,5,19,87.51127819548873
214,2015-05-21,8560FA02,470,40430,66,119,13.3,177.0,44.7,15.3,,2015,5,21,86.02127659574468
215,2015-05-23,378FK01,435,36809,66,119,14.6,169.0,44.44,12.95,,2015,5,23,84.6183908045977
216,2015-05-26,7922GR01,420,36700,44,20,10.5,172.0,44.08,20.5,,2015,5,26,87.38095238095238
217,2015-05-26,122CG01,436,36968,71,108,13.93,172.0,40.65,21.05,,2015,5,26,84.78899082568807
218,2015-05-28,1424FK01,412,36340,36,20,11.56,200.0,47.67,10.1,,2015,5,28,88.20388349514563
219,2015-05-28,3876EX01,428,36972,36,20,11.46,197.0,47.25,11.95,,2015,5,28,86.38317757009345
220,2015-05-29,2480FH01,428,36344,44,20,11.59,204.0,43.2,15.3,,2015,5,29,84.91588785046729
221,2015-06-01,7796EK03,369,37843,21,60,11.1,195.0,42.0,17.2,,2015,6,1,102.55555555555556
222,2015-06-04,487GH01,445,35563,71,108,13.0,190.0,41.53,24.2,,2015,6,4,79.91685393258427
223,2016-03-10,8111GB01,201,18567,32,32,13.0,190.0,47.43,14.09,525.0,2016,3,10,92.3731343283582
224,2016-03-10,269EG02,464,40148,66,43,11.6,195.0,47.69,12.4,550.0,2016,3,10,86.52586206896552
225,2016-03-10,2081GA03,376,35584,82,107,8.53,198.0,46.46,12.2,575.0,2016,3,10,94.63829787234043
226,2016-03-14,7633FU02,467,40817,66,43,12.6,200.0,45.84,15.6,580.0,2016,3,14,87.40256959314775
227,2016-03-14,4376AY01,271,26433,32,32,11.9,185.0,48.04,9.9,550.0,2016,3,14,97.53874538745387
228,2016-03-14,9821FJ04,442,40866,19,34,10.5,196.0,47.34,9.8,600.0,2016,3,14,92.45701357466064
229,2016-03-15,6763FV01,474,40050,66,43,18.0,189.0,45.4,12.8,590.0,2016,3,15,84.49367088607595
230,2016-03-16,4070GZ01,441,39559,66,43,14.0,187.0,46.11,13.9,590.0,2016,3,16,89.70294784580499
231,2016-03-16,8010EJ01,416,40088,82,107,21.2,174.0,44.35,14.8,600.0,2016,3,16,96.36538461538461
232,2016-03-17,833GG01,446,36998,87,43,13.2,187.0,46.28,13.3,590.0,2016,3,17,82.95515695067265
233,2016-03-17,3510GY01,423,37573,87,43,12.3,194.0,46.12,14.3,590.0,2016,3,17,88.82505910165484
234,2016-03-17,7922GR01,367,34629,9,79,10.06,189.0,45.4,11.8,600.0,2016,3,17,94.35694822888283
235,2016-03-18,2081GA03,391,35489,82,107,13.2,195.0,46.37,16.1,600.0,2016,3,18,90.76470588235294
236,2016-03-18,5490GZ01,480,37532,66,43,11.9,196.0,47.87,15.0,600.0,2016,3,18,78.19166666666666
237,2016-03-18,9912FH03,469,40407,66,43,9.6,205.0,46.9,14.4,600.0,2016,3,18,86.15565031982942
238,2016-03-18,2951GY01,403,36721,87,43,13.2,194.0,47.16,13.2,600.0,2016,3,18,91.11910669975187
239,2016-03-18,1450FG01,485,39559,9,73,10.23,200.0,46.37,14.1,600.0,2016,3,18,81.56494845360825
240,2016-03-19,8111GB01,181,17899,32,32,9.8,190.0,46.64,16.0,590.0,2016,3,19,98.88950276243094
241,2016-03-19,730GH02,445,40295,66,44,14.1,200.0,49.93,14.0,600.0,2016,3,19,90.5505617977528
242,2016-03-19,4607FH01,440,38660,87,45,13.2,192.0,45.67,13.8,600.0,2016,3,19,87.86363636363636
243,2016-03-19,378FK01,427,37773,55,4,11.2,205.0,46.11,15.0,600.0,2016,3,19,88.46135831381733
244,2016-03-21,4070GZ01,459,40333,66,43,14.7,196.0,45.58,15.8,600.0,2016,3,21,87.87145969498911
245,2016-03-21,5470GZ01,430,36666,66,43,15.3,201.0,42.32,19.1,600.0,2016,3,21,85.26976744186047
246,2016-03-21,8728EL02,468,41192,11,12,11.7,195.0,42.94,22.3,610.0,2016,3,21,88.01709401709402
247,2016-03-21,3510GY01,420,36760,66,43,15.56,192.0,46.64,16.0,600.0,2016,3,21,87.52380952380952
248,2016-03-21,2301FS01,432,39708,78,96,14.8,192.0,46.46,17.5,610.0,2016,3,21,91.91666666666667
249,2016-03-21,7922GR01,380,35176,9,79,12.1,190.0,45.49,15.5,610.0,2016,3,21,92.56842105263158
250,2016-03-21,1424FK01,369,34651,9,72,13.46,195.0,47.16,12.6,610.0,2016,3,21,93.90514905149051
251,2016-03-22,4566FK01,338,28882,43,29,14.5,176.0,45.05,12.7,610.0,2016,3,22,85.44970414201184
252,2016-03-24,5490FB01,376,34692,66,45,14.36,189.0,44.52,14.0,600.0,2016,3,24,92.26595744680851
253,2016-03-24,5470GZ01,463,38321,66,43,10.61,196.0,45.58,16.1,600.0,2016,3,24,82.76673866090712
254,2016-03-24,378FK01,450,38358,66,43,11.5,190.0,46.81,12.6,600.0,2016,3,24,85.24
255,2016-03-24,8592GZ01,379,34517,9,72,13.4,182.0,46.11,10.9,625.0,2016,3,24,91.07387862796834
256,2016-03-24,487GH01,458,37878,85,4,13.3,190.0,44.88,20.0,600.0,2016,3,24,82.70305676855895
257,2016-03-25,4349EA01,403,35273,87,43,14.16,190.0,44.17,22.9,610.0,2016,3,25,87.52605459057072
258,2016-03-25,2480FH01,343,31901,9,79,13.3,188.0,46.28,11.2,625.0,2016,3,25,93.00583090379008
259,2016-03-25,7922GR01,397,36011,9,79,14.2,186.0,46.72,11.8,625.0,2016,3,25,90.70780856423174
260,2016-03-26,5869FB01,445,37975,85,103,13.1,190.0,44.7,16.8,625.0,2016,3,26,85.33707865168539
261,2016-03-26,5690FR03,451,38765,31,96,10.3,189.0,45.76,7.5,620.0,2016,3,26,85.95343680709534
262,2016-03-26,2665FG01,395,35129,32,126,13.1,182.0,44.88,16.0,610.0,2016,3,26,88.93417721518988
263,2016-03-26,4070GZ01,444,39972,66,43,10.93,206.0,45.93,9.5,610.0,2016,3,26,90.02702702702703
264,2016-03-26,2342FP01,395,35161,66,43,13.0,201.0,45.05,14.7,610.0,2016,3,26,89.01518987341773
265,2016-03-28,5490FB01,431,37909,66,43,13.5,190.0,44.44,15.0,610.0,2016,3,28,87.95591647331787
266,2016-03-28,5470GZ01,452,38084,66,43,14.0,206.0,45.05,13.5,610.0,2016,3,28,84.2566371681416
267,2016-03-29,3510GY01,403,36773,87,43,16.0,180.0,45.4,14.5,620.0,2016,3,29,91.24813895781638
268,2016-03-29,4234EZ02,203,19337,32,32,10.93,182.0,47.34,9.5,610.0,2016,3,29,95.25615763546799
269,2016-03-29,8084CB06,389,38319,79,132,12.6,196.0,45.23,15.7,620.0,2016,3,29,98.50642673521851
270,2016-03-29,8853FL02,458,40322,11,94,10.4,176.0,45.84,13.1,630.0,2016,3,29,88.03930131004367
271,2016-03-30,3014FC04,455,40213,82,26,12.0,192.0,45.76,14.0,620.0,2016,3,30,88.38021978021978
272,2016-03-31,487GH01,435,38073,66,43,11.8,206.0,46.99,16.6,620.0,2016,3,31,87.52413793103449
273,2016-03-31,2345EG01,516,40088,35,78,14.0,192.0,46.46,17.2,620.0,2016,3,31,77.68992248062015
274,2016-03-31,2984EN01,502,40034,35,78,15.0,170.0,37.13,19.0,620.0,2016,3,31,79.74900398406375
275,2016-03-31,4607FH01,357,32115,49,88,15.1,182.0,42.94,22.0,620.0,2016,3,31,89.95798319327731
276,2016-04-02,5490GZ01,421,37889,66,43,14.0,192.0,45.93,11.3,640.0,2016,4,2,89.99762470308788
277,2016-04-02,4070GZ01,460,40204,66,43,13.7,209.0,43.47,17.8,640.0,2016,4,2,87.4
278,2016-04-02,9912FH03,462,39710,66,43,12.2,192.0,44.0,16.2,640.0,2016,4,2,85.95238095238095
279,2016-04-02,3510GY01,415,35881,87,43,12.0,192.0,40.12,26.4,640.0,2016,4,2,86.46024096385543
280,2016-04-02,378FK01,428,36148,39,101,13.63,192.0,45.49,12.9,640.0,2016,4,2,84.45794392523365
281,2016-04-04,5470GZ01,460,37640,66,43,14.3,210.0,43.64,19.8,640.0,2016,4,4,81.82608695652173
282,2016-04-04,8592GZ01,374,34082,8,72,13.0,204.0,46.46,12.6,640.0,2016,4,4,91.1283422459893
283,2016-04-04,9904FH03,454,40694,13,94,13.07,200.0,45.76,20.0,650.0,2016,4,4,89.63436123348018
284,2016-04-04,2081GA03,395,34701,82,107,13.6,198.0,46.81,16.0,640.0,2016,4,4,87.85063291139241
285,2016-04-04,2665FG03,465,40355,82,26,11.0,206.0,44.35,20.0,640.0,2016,4,4,86.78494623655914
286,2016-04-04,8111GB01,119,12033,87,82,10.71,196.0,46.11,13.5,640.0,2016,4,4,101.11764705882354
287,2016-04-04,1131FJ01,360,32756,43,80,11.8,192.0,46.81,12.8,640.0,2016,4,4,90.9888888888889
288,2016-04-04,7911GR01,397,34867,9,65,15.3,190.0,46.46,11.0,640.0,2016,4,4,87.82619647355163
289,2016-04-05,409EB01,386,35062,60,10,11.8,196.0,45.58,9.0,650.0,2016,4,5,90.83419689119171
290,2016-04-05,6091EH01,437,39839,57,92,13.6,195.0,46.64,14.2,660.0,2016,4,5,91.16475972540046
291,2016-04-05,9446EL03,424,39028,57,39,13.0,200.0,47.34,9.2,650.0,2016,4,5,92.04716981132076
292,2016-04-05,4329GZ01,415,36233,87,43,14.5,196.0,43.82,19.1,650.0,2016,4,5,87.30843373493975
293,2016-04-06,972FP02,422,37782,11,12,16.2,192.0,41.62,26.1,670.0,2016,4,6,89.5308056872038
294,2016-04-06,6920FH01,417,36051,66,43,12.1,203.0,44.52,16.4,660.0,2016,4,6,86.45323741007195
295,2016-04-06,9728FL01,368,33464,32,32,11.1,188.0,44.8,17.1,660.0,2016,4,6,90.93478260869566
296,2016-04-07,8728EL02,480,40824,11,28,13.2,193.0,43.64,23.5,670.0,2016,4,7,85.05
297,2016-04-07,7922GR01,400,35980,9,63,14.6,205.0,44.7,15.3,660.0,2016,4,7,89.95
298,2016-04-08,5470GZ01,424,38932,66,43,12.6,206.0,43.2,18.6,675.0,2016,4,8,91.82075471698113
299,2016-04-08,209FC01,489,40647,32,125,12.3,202.0,42.59,23.2,650.0,2016,4,8,83.12269938650307
300,2016-04-08,2665FG01,484,42952,32,125,16.0,206.0,40.48,23.3,650.0,2016,4,8,88.74380165289256
301,2016-04-09,3990EP01,415,37945,87,101,14.33,192.0,40.04,21.9,675.0,2016,4,9,91.43373493975903
302,2016-04-09,3812GX01,469,43487,60,61,8.8,198.0,45.76,9.4,675.0,2016,4,9,92.7228144989339
303,2016-04-09,2325FP01,437,37435,66,43,15.6,196.0,43.16,20.2,675.0,2016,4,9,85.66361556064074
304,2016-04-11,4271GY02,420,36580,87,43,16.0,196.0,41.71,21.6,675.0,2016,4,11,87.0952380952381
305,2016-04-11,5824HA01,400,34620,9,65,20.0,200.0,42.41,20.6,685.0,2016,4,11,86.55
306,2016-04-11,1440ET02,450,40306,11,40,12.0,192.0,45.49,17.3,695.0,2016,4,11,89.56888888888889
307,2016-04-11,3494FK03,444,38808,49,89,11.2,192.0,46.81,11.9,700.0,2016,4,11,87.4054054054054
308,2016-04-11,3014FC04,535,41985,82,27,12.6,198.0,41.97,23.9,690.0,2016,4,11,78.4766355140187
309,2016-04-11,7563GY01,393,41567,79,78,14.2,194.0,38.89,26.6,700.0,2016,4,11,105.76844783715013
310,2016-04-11,7922GR01,399,34545,9,65,13.0,200.0,45.4,17.3,700.0,2016,4,11,86.57894736842105
311,2016-04-11,8499FP01,499,42501,50,96,13.0,192.0,45.23,16.7,695.0,2016,4,11,85.17234468937876
312,2016-04-11,7800GY01,433,40599,79,78,11.6,194.0,46.64,13.4,700.0,2016,4,11,93.7621247113164
313,2016-04-11,9787HA03,458,40598,60,81,12.0,204.0,45.76,10.4,700.0,2016,4,11,88.64192139737992
314,2016-04-11,487GH01,414,36586,52,101,15.0,192.0,42.76,15.6,690.0,2016,4,11,88.3719806763285
315,2016-04-11,5869FB01,408,36188,66,101,12.0,192.0,46.99,15.7,690.0,2016,4,11,88.69607843137256
316,2016-04-12,8728EL02,470,41078,11,94,14.0,192.0,46.11,19.1,700.0,2016,4,12,87.4
317,2016-04-12,631EZ04,344,30672,43,105,16.0,190.0,43.73,20.2,700.0,2016,4,12,89.16279069767442
318,2016-04-12,8998FH01,473,39607,39,78,14.6,194.0,40.12,23.1,700.0,2016,4,12,83.73572938689217
319,2016-04-12,70003EL01,375,31341,43,95,14.7,180.0,44.0,23.4,700.0,2016,4,12,83.576
320,2016-04-12,209FC01,489,41067,82,91,13.0,208.0,46.46,16.2,690.0,2016,4,12,83.98159509202453
321,2016-04-12,9728FL01,382,34222,32,33,12.7,189.0,44.88,18.8,685.0,2016,4,12,89.58638743455498
322,2016-04-12,833GG01,448,37828,87,43,12.4,210.0,43.13,22.8,690.0,2016,4,12,84.4375
323,2016-04-12,6102GV01,412,36872,60,49,11.4,192.0,45.23,12.8,690.0,2016,4,12,89.49514563106796
324,2016-04-13,6378GJ01,427,39813,60,100,10.6,182.0,48.22,6.7,700.0,2016,4,13,93.23887587822014
325,2016-04-13,8592GZ01,396,35644,9,72,10.4,196.0,46.2,14.2,700.0,2016,4,13,90.01010101010101
326,2016-04-13,6149FZ03,506,40858,48,98,11.0,189.0,44.63,11.4,690.0,2016,4,13,80.74703557312253
327,2016-04-13,1073FL01,419,36677,66,42,13.0,193.0,41.88,18.9,690.0,2016,4,13,87.5346062052506
328,2016-04-13,3876EX01,389,35051,9,72,11.0,190.0,46.64,7.9,700.0,2016,4,13,90.10539845758355
329,2016-04-13,8853FL02,483,40457,38,94,12.0,190.0,44.88,11.1,700.0,2016,4,13,83.76190476190476
330,2016-04-13,8040FJ03,465,39823,66,43,14.49,197.0,44.44,18.1,690.0,2016,4,13,85.64086021505376
331,2016-04-13,8010FJ03,434,38430,57,107,12.0,192.0,45.93,12.0,690.0,2016,4,13,88.54838709677419
332,2016-04-13,3966FZ01,457,40271,60,100,11.0,190.0,44.35,11.0,700.0,2016,4,13,88.12035010940919
333,2016-04-13,5490GZ01,427,37581,66,43,13.0,204.0,45.4,15.2,690.0,2016,4,13,88.01170960187353
334,2016-04-14,2344FP01,440,39060,66,43,15.0,193.0,44.2,18.1,690.0,2016,4,14,88.77272727272727
335,2016-04-14,2325FP01,396,35620,87,43,14.2,196.0,43.4,17.2,690.0,2016,4,14,89.94949494949495
336,2016-04-14,2341FP01,390,33118,87,43,13.6,190.0,42.24,24.3,690.0,2016,4,14,84.91794871794872
337,2016-04-14,3990EP01,392,33652,85,104,13.0,178.0,42.32,17.9,690.0,2016,4,14,85.84693877551021
338,2016-04-14,142FK01,380,34188,9,72,13.0,182.0,46.11,12.0,700.0,2016,4,14,89.96842105263158
339,2016-04-14,8082GT01,390,34338,9,72,12.0,190.0,47.69,11.7,700.0,2016,4,14,88.04615384615384
340,2016-04-14,497GZ03,446,39690,50,97,9.6,188.0,46.2,12.3,695.0,2016,4,14,88.99103139013452
341,2016-04-14,3952GY03,443,37845,18,104,13.1,198.0,42.23,16.2,690.0,2016,4,14,85.42889390519187
342,2016-04-14,9372EK03,472,40484,38,94,10.7,194.0,44.3,17.1,700.0,2016,4,14,85.77118644067797
343,2016-04-15,5470GZ01,453,38631,66,43,11.7,196.0,42.85,19.9,690.0,2016,4,15,85.27814569536424
344,2016-04-15,378FK01,431,36937,66,101,12.0,196.0,46.28,11.1,690.0,2016,4,15,85.70069605568446
345,2016-04-15,7518GB01,210,19590,73,99,16.2,192.0,41.8,27.8,690.0,2016,4,15,93.28571428571429
346,2016-04-15,1450GU01,465,37235,82,31,13.0,196.0,46.64,15.7,690.0,2016,4,15,80.0752688172043
347,2016-04-15,487GN01,441,36715,39,59,13.1,194.0,45.32,15.4,690.0,2016,4,15,83.25396825396825
348,2016-04-15,3014FC04,489,40171,82,27,13.0,198.0,45.4,19.7,680.0,2016,4,15,82.14928425357873
349,2016-04-15,1073FL01,422,35802,87,43,13.0,192.0,45.05,19.3,680.0,2016,4,15,84.8388625592417
350,2016-04-16,5869FB01,422,37014,39,104,14.0,189.0,40.12,22.6,690.0,2016,4,16,87.71090047393365
351,2016-04-16,7922GR01,412,37772,9,65,14.0,180.0,45.76,14.0,690.0,2016,4,16,91.67961165048544
352,2016-04-16,5486FJ01,452,39156,82,91,14.0,198.0,43.47,22.3,680.0,2016,4,16,86.6283185840708
353,2016-04-16,269EJ02,453,38395,84,43,14.0,188.0,44.08,20.9,690.0,2016,4,16,84.75717439293598
354,2016-04-16,5824HA01,399,37609,9,65,13.0,188.0,47.16,11.2,685.0,2016,4,16,94.25814536340852
355,2016-04-16,7375CB01,435,39721,78,92,13.5,174.0,45.23,13.8,695.0,2016,4,16,91.31264367816092
356,2016-04-18,1073FL01,447,37861,66,43,12.3,192.0,42.68,21.0,685.0,2016,4,18,84.70022371364654
357,2016-04-18,4329GZ01,470,39298,66,43,12.0,212.0,41.8,24.3,685.0,2016,4,18,83.61276595744681
358,2016-04-18,8592GZ01,377,33899,9,74,12.16,198.0,45.76,14.9,690.0,2016,4,18,89.91777188328912
359,2016-04-18,6763FV01,410,39562,66,43,12.7,194.0,45.05,16.6,685.0,2016,4,18,96.49268292682927
360,2016-04-18,7922GR01,423,37285,9,65,14.0,194.0,41.27,23.8,690.0,2016,4,18,88.14420803782505
361,2016-04-18,2666FG03,480,41824,11,94,12.0,206.0,45.4,18.7,695.0,2016,4,18,87.13333333333334
362,2016-04-18,3990EP01,460,37400,18,46,13.0,204.0,41.8,26.8,685.0,2016,4,18,81.30434782608695
363,2016-04-18,1440ET02,434,37122,11,41,12.0,188.0,47.16,13.8,695.0,2016,4,18,85.53456221198157
364,2016-04-18,7364GV01,467,37833,18,46,14.0,200.0,41.0,31.7,685.0,2016,4,18,81.01284796573876
365,2016-04-18,3876EX01,391,34509,9,72,12.0,173.0,46.64,8.3,690.0,2016,4,18,88.25831202046035
366,2016-04-18,3014FC04,465,39879,32,124,13.0,184.0,40.48,31.2,680.0,2016,4,18,85.76129032258065
367,2016-04-19,2116FG02,452,39956,11,94,12.0,200.0,42.41,25.2,695.0,2016,4,19,88.39823008849558
368,2016-04-19,2480FH01,370,32130,9,65,12.5,212.0,43.82,19.2,690.0,2016,4,19,86.83783783783784
369,2016-04-19,9728FL01,449,40583,32,32,12.7,192.0,47.25,19.0,685.0,2016,4,19,90.38530066815144
370,2016-04-19,5824HA01,411,36393,9,65,13.0,208.0,42.59,19.4,690.0,2016,4,19,88.54744525547446
371,2016-04-19,2341FP01,455,34153,18,43,13.0,200.0,39.86,29.1,685.0,2016,4,19,75.06153846153846
372,2016-04-19,5470GZ01,449,37819,66,43,13.0,190.0,46.99,16.4,685.0,2016,4,19,84.22939866369711
373,2016-04-20,2325FP01,437,36327,66,43,14.5,185.0,39.95,26.4,685.0,2016,4,20,83.12814645308924
374,2016-04-20,1131FJ01,380,34256,43,80,12.06,174.0,45.49,15.5,690.0,2016,4,20,90.14736842105263
375,2016-04-20,730GH02,469,38175,66,43,12.0,208.0,41.71,27.1,685.0,2016,4,20,81.39658848614073
376,2016-04-20,378FK01,500,37372,82,31,12.4,216.0,45.67,17.8,685.0,2016,4,20,74.744
377,2016-04-20,833GG01,455,36993,66,43,11.0,204.0,43.29,21.2,685.0,2016,4,20,81.30329670329671
378,2016-04-20,8853FL02,474,39994,38,94,10.0,192.0,44.35,13.8,695.0,2016,4,20,84.37552742616033
379,2016-04-20,209FC01,450,40422,32,124,12.0,192.0,46.81,13.0,680.0,2016,4,20,89.82666666666667
380,2016-04-20,2344FP01,391,35709,62,49,12.0,176.0,46.64,9.2,685.0,2016,4,20,91.32736572890026
381,2016-04-20,5490GZ01,416,35860,18,43,10.7,192.0,41.36,23.4,685.0,2016,4,20,86.20192307692308
382,2016-04-21,5869FB01,432,37564,39,102,12.6,176.0,43.12,17.4,680.0,2016,4,21,86.95370370370371
383,2016-04-21,1073FL01,411,34945,87,43,15.6,194.0,39.42,26.1,685.0,2016,4,21,85.02433090024331
384,2016-04-21,4329GZ01,448,36156,87,43,19.0,198.0,39.24,32.7,685.0,2016,4,21,80.70535714285714
385,2016-04-21,6805FJ01,440,38828,82,31,12.6,208.0,41.88,23.4,685.0,2016,4,21,88.24545454545455
386,2016-04-21,5922AY02,363,28649,87,47,12.0,200.0,42.24,24.0,685.0,2016,4,21,78.9228650137741
387,2016-04-22,3812GX01,463,42497,60,61,11.0,192.0,44.17,15.8,685.0,2016,4,22,91.78617710583153
388,2016-04-22,6091EH01,454,40154,54,96,13.0,195.0,46.28,15.7,695.0,2016,4,22,88.44493392070484
389,2016-04-22,3831FJ02,522,41482,66,43,12.4,210.0,43.12,18.8,685.0,2016,4,22,79.46743295019157
390,2016-04-23,833GG01,446,36318,87,43,12.2,196.0,47.52,16.2,685.0,2016,4,23,81.4304932735426
391,2016-04-23,4070GZ01,466,39822,66,43,12.0,200.0,42.94,22.0,685.0,2016,4,23,85.45493562231759
392,2016-04-23,6411CV02,435,35729,87,43,13.0,205.0,46.8,14.8,685.0,2016,4,23,82.13563218390804
393,2016-04-23,3014FC04,474,39844,32,124,12.7,196.0,44.8,18.2,680.0,2016,4,23,84.05907172995781
394,2016-04-23,378FK01,470,37662,82,31,14.0,210.0,43.64,25.1,680.0,2016,4,23,80.13191489361702
395,2016-04-23,2344FP01,451,37949,66,43,14.0,192.0,42.41,24.6,685.0,2016,4,23,84.14412416851441
396,2016-04-23,7375CB01,434,39622,78,96,14.3,192.0,46.11,16.4,695.0,2016,4,23,91.29493087557604
397,2016-04-25,2341FP01,369,32715,60,50,11.0,174.0,43.12,16.1,650.0,2016,4,25,88.65853658536585
398,2016-04-25,4326GZ01,482,40878,66,43,12.2,193.0,41.44,22.7,650.0,2016,4,25,84.80912863070539
399,2016-04-26,2535FP01,428,36632,87,43,13.5,191.0,41.09,23.6,650.0,2016,4,26,85.58878504672897
400,2016-04-27,833GG01,414,36618,87,43,13.0,194.0,38.36,31.8,650.0,2016,4,27,88.44927536231884
401,2016-04-27,1131FJ01,365,32331,43,80,12.5,184.0,46.72,10.6,675.0,2016,4,27,88.57808219178082
402,2016-04-27,7798FJ01,479,39429,82,27,12.0,220.0,45.76,17.7,640.0,2016,4,27,82.3152400835073
403,2016-04-27,8728EL02,476,41080,11,28,14.0,200.0,42.85,25.6,680.0,2016,4,27,86.30252100840336
404,2016-04-27,8592GZ01,406,35370,9,72,13.0,180.0,46.55,11.7,690.0,2016,4,27,87.11822660098522
405,2016-04-27,4048GP01,450,38214,32,32,14.0,180.0,45.49,18.0,650.0,2016,4,27,84.92
406,2016-04-27,5470GZ01,434,37530,66,43,14.0,170.0,36.43,57.5,650.0,2016,4,27,86.47465437788019
407,2016-04-27,2666FG02,482,40126,38,28,12.4,178.0,42.5,12.5,680.0,2016,4,27,83.24896265560166
408,2016-04-27,5066FL01,563,41169,66,43,12.0,201.0,40.12,26.3,650.0,2016,4,27,73.12433392539964
409,2016-04-27,5824HA01,436,38084,9,63,13.0,180.0,42.76,18.3,675.0,2016,4,27,87.34862385321101
410,2016-04-28,8082GT01,394,35010,9,72,13.0,191.0,43.38,21.9,680.0,2016,4,28,88.85786802030456
411,2016-04-28,9446EL03,396,37820,69,39,12.7,189.0,47.16,20.1,650.0,2016,4,28,95.5050505050505
412,2016-04-29,7405EC03,473,40535,38,28,13.0,198.0,44.26,14.5,675.0,2016,4,29,85.69767441860465
413,2016-04-29,2344FP01,515,41273,66,48,15.5,184.0,43.73,20.2,650.0,2016,4,29,80.14174757281553
414,2016-04-29,8592GZ01,395,34905,9,72,14.69,199.0,44.08,21.2,680.0,2016,4,29,88.36708860759494
415,2016-04-30,2480FH01,390,33046,9,63,17.0,189.0,39.51,27.5,640.0,2016,4,30,84.73333333333333
416,2016-04-30,7922GR01,429,35731,9,63,14.0,188.0,42.5,22.4,640.0,2016,4,30,83.28904428904428
417,2016-04-30,2342FP01,480,39616,66,43,13.0,190.0,46.11,14.4,650.0,2016,4,30,82.53333333333333
418,2016-04-30,833GG01,409,35259,87,43,13.7,202.0,42.41,25.4,650.0,2016,4,30,86.20782396088019
419,2016-05-03,1073FL01,459,39785,60,49,12.6,192.0,43.64,14.6,650.0,2016,5,3,86.67755991285404
420,2016-05-03,5869FB01,419,36265,85,104,16.16,188.0,43.64,20.4,660.0,2016,5,3,86.55131264916467
421,2016-05-03,1379FT01,322,28626,16,28,15.0,186.0,43.82,17.9,660.0,2016,5,3,88.90062111801242
422,2016-05-03,833GG01,436,38112,87,43,14.6,196.0,43.64,20.4,650.0,2016,5,3,87.41284403669725
423,2016-05-04,5470GZ01,478,38074,66,43,13.7,188.0,40.3,27.6,650.0,2016,5,4,79.65271966527196
424,2016-05-04,2658AI01,406,37790,32,32,15.5,198.0,44.17,17.6,650.0,2016,5,4,93.07881773399015
425,2016-05-04,378FK01,425,37367,39,104,12.0,192.0,45.93,13.4,660.0,2016,5,4,87.92235294117647
426,2016-05-04,2341FP01,420,34624,66,43,14.0,191.0,41.97,23.3,650.0,2016,5,4,82.43809523809524
427,2016-05-04,8592GZ01,396,35160,9,72,14.0,184.0,45.4,11.9,670.0,2016,5,4,88.78787878787878
428,2016-05-04,9903FH03,492,40264,11,28,13.66,198.0,40.12,31.2,595.0,2016,5,4,81.83739837398375
429,2016-05-04,4070GZ01,489,39971,66,43,12.0,188.0,43.82,16.8,650.0,2016,5,4,81.7402862985685
430,2016-05-04,2013GP01,235,20697,32,32,10.0,188.0,43.47,16.9,650.0,2016,5,4,88.07234042553192
431,2016-05-05,5824HA,432,35688,9,63,15.4,198.0,41.8,25.7,640.0,2016,5,5,82.61111111111111
432,2016-05-05,487GH01,492,37632,26,104,13.7,198.0,42.32,23.8,630.0,2016,5,5,76.48780487804878
433,2016-05-05,6384FV04,456,40780,19,97,16.5,188.0,44.26,17.9,650.0,2016,5,5,89.4298245614035
434,2016-05-05,8728EL02,481,40735,11,28,14.0,188.0,40.3,30.6,660.0,2016,5,5,84.6881496881497
435,2016-05-05,6093HA01,471,41057,60,58,14.03,187.0,45.05,12.4,650.0,2016,5,5,87.16985138004246
436,2016-05-05,1131FJ01,390,34274,43,80,14.6,182.0,43.64,17.7,675.0,2016,5,5,87.88205128205128
437,2016-05-05,1424FK01,398,36090,9,72,16.0,200.0,46.46,16.5,670.0,2016,5,5,90.678391959799
438,2016-05-06,6920FH01,455,37453,66,43,13.0,198.0,43.56,28.4,630.0,2016,5,6,82.31428571428572
439,2016-05-07,2341FP01,490,41094,66,43,14.96,190.0,42.76,18.4,630.0,2016,5,7,83.86530612244898
440,2016-05-07,8083AV02,426,36302,87,43,15.0,198.0,46.55,16.9,630.0,2016,5,7,85.21596244131456
441,2016-05-07,217EJ04,464,39952,50,97,22.47,180.0,43.47,21.4,625.0,2016,5,7,86.10344827586206
442,2016-05-09,2325FP01,421,36615,60,49,16.0,170.0,42.24,16.8,640.0,2016,5,9,86.97149643705463
443,2016-05-09,2342FP01,417,36803,87,43,16.0,193.0,40.65,24.5,640.0,2016,5,9,88.25659472422062
444,2016-05-09,3876EX01,397,35455,9,72,9.7,206.0,46.46,13.8,665.0,2016,5,9,89.3073047858942
445,2016-05-10,1424FK01,392,34828,9,72,13.6,184.0,45.23,18.0,665.0,2016,5,10,88.84693877551021
446,2016-05-10,1277GA01,451,40117,82,97,10.0,200.0,45.76,15.6,620.0,2016,5,10,88.95121951219512
447,2016-05-11,6043FP01,446,39442,60,49,13.3,190.0,44.52,16.2,620.0,2016,5,11,88.43497757847534
448,2016-05-12,3990EP01,430,36110,39,104,14.7,190.0,46.06,14.6,600.0,2016,5,12,83.97674418604652
449,2016-05-12,7922GR01,234,19098,9,63,12.0,195.0,43.47,19.1,625.0,2016,5,12,81.61538461538461
450,2016-05-12,833GG01,404,35844,87,43,12.0,198.0,44.52,29.1,610.0,2016,5,12,88.72277227722772
451,2016-05-13,2341FP01,504,38520,66,43,13.4,190.0,43.82,20.5,610.0,2016,5,13,76.42857142857143
452,2016-05-13,1073FL01,500,40644,66,43,17.03,190.0,45.32,15.7,610.0,2016,5,13,81.288
453,2016-05-13,8082GT01,382,34710,9,72,13.7,192.0,45.49,17.3,625.0,2016,5,13,90.86387434554973
454,2016-05-13,4822GP01,469,39211,60,49,13.6,190.0,45.4,20.6,620.0,2016,5,13,83.60554371002132
455,2016-05-16,3876EX01,398,35450,9,72,11.8,200.0,44.17,10.8,625.0,2016,5,16,89.07035175879398
456,2016-05-16,8082GT01,384,34276,9,72,12.6,198.0,44.96,19.6,625.0,2016,5,16,89.26041666666667
457,2016-05-17,378FK01,435,37197,39,104,15.5,192.0,46.11,17.0,600.0,2016,5,17,85.51034482758621
458,2016-05-18,8082GH04,394,35662,9,72,15.66,204.0,47.16,11.5,615.0,2016,5,18,90.51269035532995
459,2016-05-18,1073FL01,470,40011,60,49,10.0,172.0,44.17,15.6,615.0,2016,5,18,85.12978723404255
460,2016-05-19,4327GZ01,432,35808,87,43,11.8,180.0,41.71,23.4,615.0,2016,5,19,82.88888888888889
461,2016-05-23,4326GZ01,422,36858,87,43,12.7,192.0,41.18,25.5,600.0,2016,5,23,87.34123222748815
462,2016-05-25,2341FP01,477,41663,60,49,17.03,189.0,40.04,15.8,600.0,2016,5,25,87.34381551362684
463,2016-06-01,4810GP01,429,35627,87,43,16.4,200.0,39.0,33.6,630.0,2016,6,1,83.04662004662005
464,2016-06-07,6619GZ03,422,36742,50,38,13.2,204.0,40.1,27.2,600.0,2016,6,7,87.06635071090048
465,2017-02-27,1074FL01,420,38420,66,85,9.25,198.0,49.0,,600.0,2017,2,27,91.47619047619048
466,2017-03-01,764AZ02,232,21064,33,69,11.2,180.0,47.67,,600.0,2017,3,1,90.79310344827586
467,2017-03-04,3579CA01,405,36387,82,0,1.0,182.0,46.37,,650.0,2017,3,4,89.84444444444445
468,2016-03-04,8083AV01,462,38446,66,85,13.5,190.0,49.98,,650.0,2016,3,4,83.21645021645021
469,2017-03-06,2665FG03,475,39561,81,129,7.83,187.0,49.72,,650.0,2017,3,6,83.28631578947369
470,2017-03-07,2665FG03,466,40842,82,129,9.8,188.0,48.66,,675.0,2017,3,7,87.64377682403433
471,2017-03-07,4865FH01,446,38614,66,85,12.0,192.0,47.25,,700.0,2017,3,7,86.57847533632287
472,2017-03-09,2666fg03,462,39990,10,11,10.7,175.0,48.22,,750.0,2017,3,9,86.55844155844156
473,2017-03-10,4326GZ01,438,38638,66,85,14.0,196.0,47.34,,725.0,2017,3,10,88.21461187214612
474,2017-03-10,7798FJ01,467,40449,82,130,8.83,180.0,48.57,,750.0,2017,3,10,86.61456102783725
475,2017-03-11,2344FP01,440,38220,67,85,12.4,180.0,47.96,,750.0,2017,3,11,86.86363636363636
476,2017-03-13,4349EA01,473,40127,82,1,13.0,180.0,48.48,,790.0,2017,3,13,84.83509513742072
477,2016-03-13,1846FG01,241,20227,33,69,11.0,178.0,48.22,,775.0,2016,3,13,83.92946058091286
478,2017-03-13,4865FH01,450,39406,43,2,13.7,167.0,48.31,,775.0,2017,3,13,87.56888888888889
479,2017-03-14,4873CR03,449,40411,19,11,11.2,175.0,48.22,,825.0,2017,3,14,90.00222717149221
480,2017-03-14,4326GZ01,458,38702,67,85,14.3,198.0,49.36,,825.0,2017,3,14,84.50218340611353
481,2017-03-15,2344FP01,461,38015,66,85,16.23,181.0,48.04,,825.0,2017,3,15,82.46203904555314
482,2017-03-15,6091EH01,450,40682,52,90,15.0,172.0,48.92,,825.0,2017,3,15,90.40444444444445
483,2017-03-16,7717FP01,458,41378,19,6,15.0,184.0,48.04,,825.0,2017,3,16,90.34497816593887
484,2017-03-16,1073FL01,458,39958,17,131,12.2,183.0,49.36,,825.0,2017,3,16,87.24454148471615
485,2017-03-17,7798FJ01,536,40304,82,30,10.3,183.0,49.89,,850.0,2017,3,17,75.19402985074628
486,2017-03-17,2341FP01,493,36727,25,23,12.0,190.0,47.78,,825.0,2017,3,17,74.49695740365111
487,2017-03-17,4326GZ01,445,39015,66,85,9.1,173.0,47.34,,825.0,2017,3,17,87.67415730337079
488,2017-03-18,7819EL02,429,40767,14,37,13.4,183.0,48.48,,800.0,2017,3,18,95.02797202797203
489,2017-03-18,4865FH01,445,39907,43,2,11.7,165.0,49.01,,825.0,2017,3,18,89.67865168539326
490,2017-03-18,2027HH07,444,39856,17,131,14.7,182.0,49.36,,825.0,2017,3,18,89.76576576576576
491,2017-03-20,2341FP01,452,39524,43,2,13.6,172.0,48.84,,825.0,2017,3,20,87.4424778761062
492,2017-03-20,7019GR01,459,40601,66,85,13.1,182.0,49.36,,825.0,2017,3,20,88.45533769063181
493,2017-03-20,5490GZ01,407,38809,66,85,13.1,193.0,50.68,,825.0,2017,3,20,95.35380835380835
494,2017-03-20,3990EP01,440,37560,67,57,9.53,197.0,46.81,,825.0,2017,3,20,85.36363636363636
495,2017-03-20,4326GZ01,429,39579,86,23,12.0,182.0,48.84,,825.0,2017,3,20,92.25874125874125
496,2017-03-20,2666FG03,452,39684,0,11,12.2,183.0,49.19,,800.0,2017,3,20,87.79646017699115
497,2017-03-20,3510GY01,477,40599,86,106,12.0,177.0,47.25,,825.0,2017,3,20,85.11320754716981
498,2017-03-20,4822GP01,455,40825,60,71,7.7,181.0,46.11,,825.0,2017,3,20,89.72527472527473
499,2017-03-20,4865FH01,469,39943,43,2,10.0,170.0,48.48,,825.0,2017,3,20,85.16631130063966
500,2017-03-21,4271GY02,462,38122,82,6,11.3,182.0,48.04,,835.0,2017,3,21,82.51515151515152
501,2017-03-22,4865FH01,470,39674,17,131,12.5,177.0,47.6,,825.0,2017,3,22,84.41276595744681
502,2017-03-22,2344FP01,478,39738,17,131,10.1,174.0,48.57,,825.0,2017,3,22,83.13389121338912
503,2017-03-23,8853FL02,475,39217,19,11,12.0,175.0,49.28,,825.0,2017,3,23,82.56210526315789
504,2017-03-23,2342FP01,461,39911,86,23,14.0,177.0,47.52,,825.0,2017,3,23,86.57483731019522
505,2017-03-23,378fk01,415,37525,66,85,11.13,199.0,45.49,,825.0,2017,3,23,90.42168674698796
506,2017-03-24,5279EG01,468,38636,66,85,12.52,186.0,46.2,,825.0,2017,3,24,82.55555555555556
507,2017-03-24,6091EH01,455,39849,46,90,11.3,174.0,47.87,,825.0,2017,3,24,87.58021978021978
508,2017-03-24,8728EL02,495,42800,74,11,6.4,204.0,44.52,,810.0,2017,3,24,86.46464646464646
509,2017-03-25,7375CB01,473,40115,82,90,13.0,179.0,49.89,,825.0,2017,3,25,84.80972515856237
510,2017-03-25,4326GZ01,462,37774,66,85,12.1,202.0,49.19,,825.0,2017,3,25,81.76190476190476
511,2017-03-25,7694GH01,476,40588,60,71,10.0,183.0,45.67,,825.0,2017,3,25,85.26890756302521
512,2017-03-25,4865FH01,457,38303,67,85,12.8,189.0,45.4,,800.0,2017,3,25,83.81400437636762
513,2017-03-25,487GH01,460,37340,66,85,12.26,190.0,45.49,,800.0,2017,3,25,81.17391304347827
514,2017-03-25,2344FP01,506,41450,43,2,8.9,170.0,46.2,,825.0,2017,3,25,81.91699604743083
515,2017-03-25,2342FP01,473,40047,17,131,11.0,174.0,46.11,,825.0,2017,3,25,84.66596194503171
516,2017-03-27,974GE01,466,40786,83,5,13.0,193.0,48.04,,825.0,2017,3,27,87.52360515021459
517,2017-03-27,4308HA01,473,37587,66,85,12.3,194.0,48.13,,825.0,2017,3,27,79.46511627906976
518,2017-03-27,3711EL01,465,37695,66,85,12.8,184.0,47.52,,825.0,2017,3,27,81.06451612903226
519,2017-03-27,9621FL01,466,39774,86,23,12.3,181.0,46.28,,825.0,2017,3,27,85.3519313304721
520,2017-03-27,487GH01,524,37796,66,57,11.8,202.0,45.23,,815.0,2017,3,27,72.12977099236642
521,2017-03-27,8728EL02,450,39010,14,11,15.0,176.0,48.31,,815.0,2017,3,27,86.68888888888888
522,2017-07-28,8948HF01,458,39522,43,2,13.5,176.0,46.02,,825.0,2017,7,28,86.29257641921397
523,2017-03-28,764AZ01,201,17903,86,69,11.8,170.0,49.8,,810.0,2017,3,28,89.06965174129353
524,2017-03-28,5490GZ01,464,37436,66,85,13.63,183.0,48.92,,825.0,2017,3,28,80.68103448275862
525,2017-03-28,2305BC01,437,37103,66,85,13.43,200.0,47.87,,825.0,2017,3,28,84.90389016018307
526,2017-03-29,1073FL01,466,39698,43,2,16.4,166.0,46.64,,825.0,2017,3,29,85.18884120171674
527,2017-03-29,4329GZ01,462,40258,17,131,11.46,174.0,49.19,,825.0,2017,3,29,87.13852813852814
528,2017-03-30,7609FR03,533,40407,77,11,9.6,191.0,47.87,,835.0,2017,3,30,75.81050656660413
529,2017-03-30,7030EF01,490,40230,60,71,11.8,182.0,45.84,,800.0,2017,3,30,82.10204081632654
530,2017-03-30,2344FP01,462,39718,66,85,14.0,193.0,45.93,,800.0,2017,3,30,85.96969696969697
531,2017-03-31,4329GZ01,483,39469,43,2,12.3,168.0,45.49,,825.0,2017,3,31,81.71635610766046
532,2017-03-31,1073FL01,457,40023,17,131,13.1,178.0,47.96,,825.0,2017,3,31,87.57768052516411
533,2017-04-01,974EG01,461,40959,82,5,13.5,201.0,46.2,,825.0,2017,4,1,88.84815618221258
534,2017-04-01,4326GZ01,462,39146,86,23,17.0,180.0,47.34,,800.0,2017,4,1,84.73160173160173
535,2017-04-03,2666FG01,481,39847,87,11,13.1,181.0,48.04,,835.0,2017,4,3,82.84199584199584
536,2017-04-03,1073FL01,486,39857,17,131,12.8,180.0,49.1,,825.0,2017,4,3,82.01028806584362
537,2017-04-03,4329GZ01,474,39386,43,2,13.0,176.0,47.16,,825.0,2017,4,3,83.09282700421942
538,2017-04-03,4349EA01,468,39656,87,106,14.0,179.0,48.31,,840.0,2017,4,3,84.73504273504274
539,2017-04-03,1757GV02,436,38476,19,87,12.0,185.0,46.46,,840.0,2017,4,3,88.24770642201835
540,2017-04-03,487GH01,512,37808,66,57,12.8,191.0,47.34,,825.0,2017,4,3,73.84375
541,2017-04-03,5922AV02,442,37800,86,23,21.0,175.0,48.66,,800.0,2017,4,3,85.52036199095022
542,2017-04-04,8728EL02,410,34286,86,11,11.0,185.0,48.04,,835.0,2017,4,4,83.62439024390244
543,2017-04-04,4865FH01,479,41021,60,71,12.3,178.0,49.1,,825.0,2017,4,4,85.63883089770354
544,2017-04-05,3510GY01,503,40189,82,6,12.8,194.0,46.81,,835.0,2017,4,5,79.8986083499006
545,2017-04-05,2342FP01,472,40044,86,23,15.0,178.0,47.16,,815.0,2017,4,5,84.83898305084746
546,2017-04-06,4326GZ01,525,35864,25,25,17.0,200.0,40.21,,800.0,2017,4,6,68.31238095238095
547,2017-04-06,4149CP01,461,39307,66,85,14.0,173.0,48.22,,835.0,2017,4,6,85.2646420824295
548,2017-04-06,2344FP01,472,39628,17,131,10.0,182.0,49.36,,825.0,2017,4,6,83.95762711864407
549,2017-04-07,2342FP01,470,37930,43,2,13.5,171.0,46.81,,825.0,2017,4,7,80.70212765957447
550,2017-04-10,2325FP01,450,39690,66,85,14.0,179.0,49.1,,835.0,2017,4,10,88.2
551,2017-04-10,8853FL02,463,40305,74,11,10.8,196.0,49.28,,865.0,2017,4,10,87.05183585313175
552,2017-04-10,1522GN01,480,41440,60,71,13.8,173.0,47.08,,835.0,2017,4,10,86.33333333333333
553,2017-04-10,4071HC01,428,39876,86,69,19.0,170.0,47.6,,850.0,2017,4,10,93.16822429906541
554,2017-04-11,7375CB01,450,39638,46,90,14.7,180.0,49.01,,875.0,2017,4,11,88.08444444444444
555,2017-03-11,2342FP01,459,40117,66,85,12.7,175.0,47.43,,835.0,2017,3,11,87.40087145969498
556,2017-04-11,4326GZ01,465,39379,86,23,17.0,175.0,50.51,,835.0,2017,4,11,84.68602150537635
557,2017-04-11,6091EH01,477,39707,82,90,13.0,180.0,48.13,,875.0,2017,4,11,83.24318658280923
558,2017-04-12,6920FH01,469,40391,43,2,16.0,167.0,46.9,,840.0,2017,4,12,86.12153518123668
559,2017-04-13,1073FL01,465,39879,66,85,12.9,187.0,44.7,,835.0,2017,4,13,85.76129032258065
560,2017-04-13,2325FP01,470,39850,17,131,14.3,174.0,49.7,,835.0,2017,4,13,84.7872340425532
561,2017-04-13,3510GY01,477,38803,82,6,13.7,170.0,47.16,,875.0,2017,4,13,81.34800838574424
562,2017-04-13,8853FL02,479,39381,14,11,11.0,180.0,47.96,,875.0,2017,4,13,82.21503131524008
563,2017-04-13,4794HA01,467,39629,61,77,14.5,179.0,47.87,,885.0,2017,4,13,84.85867237687366
564,2017-04-13,4865FH01,451,39896,86,22,13.9,185.0,47.6,,850.0,2017,4,13,88.46119733924613
565,2017-04-14,4329GZ01,499,41141,60,71,14.7,180.0,47.0,,835.0,2017,4,14,82.44689378757515
566,2017-04-14,4326GZ01,560,36300,9,64,14.6,191.0,49.0,,865.0,2017,4,14,64.82142857142857
567,2017-04-14,6920FH01,467,41013,43,2,12.6,175.0,45.67,,850.0,2017,4,14,87.82226980728052
568,2017-04-14,2344FP01,492,39712,66,85,14.5,176.0,45.32,,850.0,2017,4,14,80.71544715447155
569,2017-04-15,4326GZ01,462,38978,86,23,14.5,178.0,46.46,,850.0,2017,4,15,84.36796536796537
570,2017-04-17,1073FL01,460,39000,66,85,18.26,188.0,44.7,,850.0,2017,4,17,84.78260869565217
571,2017-04-17,4329GZ01,455,39601,43,2,19.1,165.0,46.99,,850.0,2017,4,17,87.03516483516484
572,2017-04-17,2325FP01,434,37774,39,68,11.2,190.0,45.23,,850.0,2017,4,17,87.036866359447
573,2017-04-17,7819EL02,481,40579,15,37,12.86,185.0,46.99,,875.0,2017,4,17,84.36382536382537
574,2017-04-17,2666FG03,470,39950,14,12,13.1,189.0,47.16,,885.0,2017,4,17,85.0
575,2017-04-17,6920FH01,472,39620,87,23,15.56,183.0,46.2,,850.0,2017,4,17,83.94067796610169
576,2017-04-17,3990EP01,473,36507,66,57,13.8,182.0,47.08,,860.0,2017,4,17,77.18181818181819
577,2017-04-17,9012HJ04,465,39735,83,90,12.9,182.0,47.87,,885.0,2017,4,17,85.45161290322581
578,2017-07-18,3510GY01,489,40011,82,6,16.2,188.0,46.64,,885.0,2017,7,18,81.82208588957056
579,2017-04-18,4810GP01,490,40870,60,71,13.83,190.0,44.52,,850.0,2017,4,18,83.40816326530613
580,2017-04-19,4326EC01,475,39185,17,131,14.28,178.0,47.25,,875.0,2017,4,19,82.49473684210527
581,2017-04-19,4329GZ01,462,40138,66,85,16.43,179.0,44.0,,875.0,2017,4,19,86.87878787878788
582,2017-04-20,2325FP01,493,40207,66,85,17.0,183.0,44.96,,875.0,2017,4,20,81.55578093306288
583,2017-04-20,2342FP01,440,37924,43,3,15.5,170.0,45.49,,875.0,2017,4,20,86.19090909090909
584,2017-04-20,8853FL02,475,40369,77,11,11.2,201.0,46.9,,890.0,2017,4,20,84.98736842105264
585,2017-04-20,2659GP01,273,23531,87,69,14.2,183.0,46.81,,885.0,2017,4,20,86.1941391941392
586,2017-04-21,5824HA01,359,31441,9,64,16.0,205.0,49.1,,890.0,2017,4,21,87.57938718662953
587,2017-04-21,7460EF01,433,35395,66,85,14.5,202.0,41.62,,875.0,2017,4,21,81.74364896073904
588,2017-04-21,1073FL01,490,40710,60,71,13.8,186.0,41.88,,875.0,2017,4,21,83.08163265306122
589,2017-04-21,2341FP01,197,16907,43,2,15.2,167.0,41.8,,875.0,2017,4,21,85.82233502538071
590,2017-04-21,2666FG01,468,40836,87,12,15.4,183.0,46.81,,890.0,2017,4,21,87.25641025641026
591,2017-04-21,2344FP01,489,39471,66,85,16.4,194.0,46.72,,875.0,2017,4,21,80.71779141104294
592,2017-04-22,4271GY02,467,37953,87,6,14.2,183.0,46.55,,900.0,2017,4,22,81.26980728051392
593,2017-04-24,6920FH01,454,39486,86,22,16.3,183.0,46.55,,875.0,2017,4,24,86.97356828193833
594,2017-04-24,2341FP01,466,39314,17,131,14.2,182.0,47.87,,885.0,2017,4,24,84.36480686695279
595,2017-04-24,4329GZ01,445,38715,66,85,15.4,190.0,45.32,,875.0,2017,4,24,87.0
596,2017-04-24,4326GZ01,490,41050,60,71,14.0,200.0,48.4,,885.0,2017,4,24,83.77551020408163
597,2017-04-24,2344FP01,503,39457,66,85,13.2,171.0,40.4,,885.0,2017,4,24,78.44333996023857
598,2017-04-25,4271GY02,495,40085,82,6,14.2,184.0,46.55,,890.0,2017,4,25,80.97979797979798
599,2017-04-25,1073FL01,484,40936,60,71,15.2,174.0,43.82,,875.0,2017,4,25,84.57851239669421
600,2017-04-26,5824HA01,411,35929,9,64,13.2,201.0,46.11,,910.0,2017,4,26,87.41849148418491
601,2017-04-27,6425EG01,473,37767,66,85,13.7,180.0,45.23,,900.0,2017,4,27,79.84566596194503
602,2017-04-27,4329GZ01,463,39817,66,85,14.3,192.0,45.49,,900.0,2017,4,27,85.99784017278618
603,2017-04-27,2344FP01,495,39835,66,85,16.0,192.0,46.81,,900.0,2017,4,27,80.47474747474747
604,2017-04-28,8082GT01,377,34319,9,76,13.1,185.0,47.6,,910.0,2017,4,28,91.03183023872678
605,2017-04-28,2341FP01,445,38075,43,2,9.6,204.0,46.2,,910.0,2017,4,28,85.56179775280899
606,2017-04-28,6920FH01,451,39429,86,24,13.4,188.0,44.88,,910.0,2017,4,28,87.42572062084257
607,2017-05-02,4865FH01,459,39641,17,131,16.13,180.0,47.08,,925.0,2017,5,2,86.36383442265796
608,2017-05-02,1073FL01,469,38947,39,68,9.23,188.0,43.29,,925.0,2017,5,2,83.04264392324095
609,2017-05-02,2341FP01,443,38101,66,85,15.66,180.0,45.84,,925.0,2017,5,2,86.00677200902935
610,2017-05-02,1740HH01,490,38350,68,85,16.26,196.0,45.23,,925.0,2017,5,2,78.26530612244898
611,2017-05-02,8728EL02,490,41118,14,13,13.6,199.0,45.84,,930.0,2017,5,2,83.91428571428571
612,2017-05-02,6091EH01,485,39555,82,90,13.06,187.0,46.64,,930.0,2017,5,2,81.55670103092784
613,2017-05-02,5824HA01,429,37627,9,64,16.0,199.0,46.9,,930.0,2017,5,2,87.70862470862471
614,2017-05-02,8853FL02,438,35710,19,11,13.5,185.0,46.46,,930.0,2017,5,2,81.5296803652968
615,2017-05-03,963HK01,443,35493,82,6,12.23,185.0,45.93,,930.0,2017,5,3,80.1196388261851
616,2017-05-03,4136AZ02,482,40558,61,67,14.53,172.0,45.14,,925.0,2017,5,3,84.14522821576763
617,2017-05-04,6920FH01,427,36053,87,24,21.0,186.0,41.62,,925.0,2017,5,4,84.43325526932084
618,2017-05-05,4865FH01,487,40213,60,67,16.9,177.0,44.7,,950.0,2017,5,5,82.5728952772074
619,2017-05-05,2341FP01,467,38553,66,85,18.96,184.0,41.09,,950.0,2017,5,5,82.55460385438973
620,2017-05-05,4329GZ01,454,38550,43,2,18.03,170.0,46.02,,950.0,2017,5,5,84.91189427312776
621,2017-05-08,5543CK01,234,20398,87,69,13.5,177.0,45.93,,950.0,2017,5,8,87.17094017094017
622,2017-05-08,5824 HA01,408,36752,9,64,13.93,192.0,46.55,,950.0,2017,5,8,90.07843137254902
623,2017-05-08,1009GS01,464,39652,39,68,14.5,196.0,41.0,,950.0,2017,5,8,85.45689655172414
624,2017-05-08,1740HH01,474,41250,60,67,13.6,183.0,41.44,,950.0,2017,5,8,87.0253164556962
625,2017-05-08,4326EC01,445,39335,66,85,15.6,179.0,43.82,,950.0,2017,5,8,88.3932584269663
626,2017-05-08,2025HH07,432,36308,17,131,12.8,181.0,46.99,,950.0,2017,5,8,84.04629629629629
627,2017-05-08,3510GY01,546,41594,82,6,13.2,183.0,44.0,,950.0,2017,5,8,76.17948717948718
628,2017-05-08,2341FP01,461,39991,66,85,14.6,184.0,38.63,,950.0,2017,5,8,86.74837310195228
629,2017-05-08,6920FH01,441,38259,87,24,16.1,189.0,43.56,,950.0,2017,5,8,86.75510204081633
630,2017-05-09,5116HF01,504,37216,66,57,15.2,189.0,44.61,,950.0,2017,5,9,73.84126984126983
631,2017-05-10,2325FP01,467,38653,60,67,15.6,176.0,43.03,,950.0,2017,5,10,82.76873661670236
632,2017-05-10,4329GZ01,471,39269,66,85,14.8,180.0,42.68,,950.0,2017,5,10,83.37367303609342
633,2017-05-10,1740HH01,460,40016,43,2,12.1,165.0,45.49,,950.0,2017,5,10,86.99130434782609
634,2017-05-10,2666FG03,468,40572,74,12,11.2,193.0,46.81,,950.0,2017,5,10,86.6923076923077
635,2017-05-10,7819EL02,460,36800,14,37,14.1,185.0,45.58,,950.0,2017,5,10,80.0
636,2017-05-11,6920FH01,455,39697,87,24,16.1,174.0,44.52,,950.0,2017,5,11,87.24615384615385
637,2017-05-11,1073GS01,462,39082,65,85,18.8,187.0,42.41,,950.0,2017,5,11,84.5930735930736
638,2017-05-12,2341FP01,461,39619,17,131,17.0,185.0,45.58,,950.0,2017,5,12,85.941431670282
639,2017-05-12,4326EC01,439,37385,39,68,19.3,173.0,40.12,,950.0,2017,5,12,85.15945330296128
640,2017-05-12,4329GZ01,444,39096,66,85,16.7,175.0,37.75,,950.0,2017,5,12,88.05405405405405
641,2017-05-16,6920FH01,469,39403,87,24,9.03,185.0,38.8,,950.0,2017,5,16,84.01492537313433
642,2017-05-16,1740HH01,464,39704,43,2,11.0,165.0,43.73,,950.0,2017,5,16,85.56896551724138
643,2017-05-16,5824HA01,428,38192,9,64,11.5,183.0,46.46,,950.0,2017,5,16,89.23364485981308
644,2017-05-16,2344FP01,470,40998,66,85,19.5,190.0,41.09,,950.0,2017,5,16,87.22978723404255
645,2017-05-16,2025HH07,399,34313,60,67,17.5,181.0,46.99,,950.0,2017,5,16,85.99749373433583
646,2017-05-16,2325FP01,460,39620,43,2,10.5,182.0,46.37,,950.0,2017,5,16,86.1304347826087
647,2017-05-17,1073FL01,480,40860,66,85,18.93,194.0,42.76,,950.0,2017,5,17,85.125
648,2017-05-18,2023HH07,463,38773,39,68,19.3,184.0,41.8,,950.0,2017,5,18,83.74298056155507
649,2017-05-18,1735HH07,466,41394,43,2,11.46,185.0,46.11,,950.0,2017,5,18,88.8283261802575
650,2017-05-19,6091EH01,486,40134,82,90,13.1,183.0,45.23,,950.0,2017,5,19,82.58024691358025
651,2017-05-19,1073FL01,440,39664,17,131,10.84,168.0,47.08,,950.0,2017,5,19,90.14545454545454
652,2017-05-19,6920FH01,486,41254,86,24,9.56,189.0,37.04,,950.0,2017,5,19,84.88477366255144
653,2017-05-19,2025HH07,420,35660,43,2,18.73,165.0,46.37,,950.0,2017,5,19,84.9047619047619
654,2017-05-20,2325FP01,412,39924,17,131,17.8,180.0,45.23,,950.0,2017,5,20,96.90291262135922
655,2017-05-20,1740HH07,480,41820,43,2,14.2,162.0,45.32,,950.0,2017,5,20,87.125
656,2017-05-20,4329GZ01,443,39317,60,67,12.6,175.0,45.14,,950.0,2017,5,20,88.75169300225734
657,2017-05-20,4349EA01,507,39921,82,6,16.9,188.0,42.5,,900.0,2017,5,20,78.7396449704142
658,2017-05-20,5824HA01,465,39675,86,24,11.4,185.0,40.12,,950.0,2017,5,20,85.3225806451613
659,2017-05-20,5824HA01,418,36782,9,64,13.13,176.0,46.46,,950.0,2017,5,20,87.99521531100478
660,2017-05-22,5116HF01,487,36713,66,57,16.0,187.0,41.8,,950.0,2017,5,22,75.38603696098562
661,2017-05-22,6920FH01,479,39141,87,23,17.4,183.0,41.62,,950.0,2017,5,22,81.71398747390397
662,2017-05-22,1073FL01,470,41070,17,131,19.03,166.0,46.9,,950.0,2017,5,22,87.38297872340425
663,2017-05-23,1735HH07,503,39537,66,85,16.3,183.0,38.63,,950.0,2017,5,23,78.6023856858847
664,2017-05-23,4810GP01,526,39714,66,85,15.3,182.0,41.0,,950.0,2017,5,23,75.50190114068441
665,2017-05-23,8853FL02,457,38483,19,11,12.0,180.0,46.4,,900.0,2017,5,23,84.20787746170679
666,2017-05-27,1735HH07,460,35240,66,85,16.83,194.0,36.78,,950.0,2017,5,27,76.6086956521739
667,2017-05-27,2344FP01,480,39340,66,85,16.23,182.0,41.88,,950.0,2017,5,27,81.95833333333333
668,2017-05-27,4165HG01,141,12071,43,2,18.56,165.0,41.0,,850.0,2017,5,27,85.60992907801419
669,2017-05-29,1074FL01,442,37878,43,2,17.3,170.0,46.2,,850.0,2017,5,29,85.69683257918552
670,2017-05-30,2027HH07,335,29157,59,67,14.3,170.0,45.67,,950.0,2017,5,30,87.03582089552239
